Hours,HPHtgLd_W,HPClgLd_W
0,0,0
16.51843598,10372.40708,0
199.6946639,10372.40708,0
199.882636,10372.40708,0
210.117364,10372.40708,0
210.3053361,10372.40708,0
465.9314057,10372.40708,0
467.7597304,10372.40708,0
470.2402696,10372.40708,0
472.0685943,10372.40708,0
731.0952201,10372.40708,0
731.5555185,10372.40708,0
731.7314594,10372.40708,0
734.2685406,20016.3,0
734.4444815,20016.3,0
734.9047799,20016.3,0
744,10372.40708,0
872.5141009,10372.40708,0
873.7798344,10372.40708,0
880.2201656,10372.40708,0
881.4858991,10372.40708,0
969.9977736,10372.40708,0
971.0125052,10372.40708,0
972.3244226,10372.40708,0
973.6755774,10372.40708,0
974.9874948,10372.40708,0
976.0022264,10372.40708,0
1114.153253,10372.40708,0
1119.846747,10372.40708,0
1283.122776,10372.40708,0
1286.877224,10372.40708,0
1331.746832,10653.34066,0
1334.253168,20253.8,0
1379.785888,20253.8,0
1382.214112,20253.8,0
1416,10653.34066,0
1431.515897,20249,0
1431.831535,20249,0
1432.715994,20249,0
1545.211408,20249,0
1552.788592,20249,0
1857.033439,20249,0
1864.966561,20249,0
1954.276972,20249,0
1959.723028,20249,0
2145.756029,20249,0
2147.49161,20249,0
2147.729165,20249,0
2150.270835,20249,0
2150.50839,20249,0
2152.243971,20249,0
2160,10609.98257,0
2175.554479,19818.1,0
2219.368004,19818.1,0
2219.765279,19818.1,0
2222.234721,19818.1,0
2222.631996,19818.1,0
2385.945753,19818.1,0
2386.2624,19818.1,0
2391.7376,19818.1,0
2392.054247,19818.1,0
2433.448548,19818.1,0
2440.551452,19818.1,0
2817.910402,19818.1,0
2819.404199,19818.1,0
2819.512189,19818.1,0
2822.487811,19818.1,0
2822.595801,19818.1,0
2824.089598,19818.1,0
2880,10235.02394,0
2895.469065,10235.02394,0
2895.57913,18844.4,0
2896.280323,18844.4,0
2896.686616,18844.4,0
2897.18172,18844.4,0
3297.934621,18844.4,0
3298.552662,18844.4,0
3298.644014,18844.4,0
3303.355986,18844.4,0
3303.447338,18844.4,0
3304.065379,18844.4,0
3583.85591,18844.4,0
3594.14409,18844.4,0
3624,9628.089585,0
3639.581959,17535.2,0
3639.869821,17535.2,0
3640.840546,17535.2,0
3682.746967,17535.2,0
3687.253033,17535.2,0
3707.164898,17535.2,0
3710.835102,17535.2,0
3731.166839,17535.2,0
3734.833161,17535.2,0
4210.73847,17535.2,0
4215.26153,17535.2,0
4281.78001,17535.2,0
4288.21999,17535.2,0
4306.078847,17535.2,0
4311.921153,17535.2,0
4344,8950.271776,0
4359.566584,16314.4,0
4379.196559,16314.4,0
4379.205371,16314.4,0
4382.794629,16314.4,0
4382.803441,16314.4,0
4403.349029,16314.4,0
4403.761881,16314.4,0
4406.238119,16314.4,0
4406.650971,16314.4,0
4736.756174,16314.4,0
4745.243826,16314.4,0
4762.531029,16314.4,0
4767.468971,16314.4,0
4785.592607,16314.4,0
4792.407393,16314.4,0
5052.494103,16314.4,0
5053.505897,16314.4,0
5088,8387.739204,0
5103.524511,15441.9,0
5103.853749,15441.9,0
5104.739979,15441.9,0
5388.279461,15441.9,0
5389.720539,15441.9,0
5532.117093,15441.9,0
5532.377452,15441.9,0
5533.622548,15441.9,0
5533.882907,15441.9,0
5673.851849,15441.9,0
5674.406024,15441.9,0
5674.455821,15441.9,0
5679.544179,15441.9,0
5679.593976,15441.9,0
5680.148151,15441.9,0
5832,8086.51297,0
5937.000128,8086.51297,0
5944.999872,8086.51297,0
5963.45446,8086.51297,0
5963.680124,8086.51297,0
5966.319876,8086.51297,0
5966.54554,8086.51297,0
6009.611541,8086.51297,0
6011.073489,8086.51297,0
6014.926511,8086.51297,0
6016.388459,8086.51297,0
6227.488832,8086.51297,0
6230.511168,8086.51297,0
6515.097771,8086.51297,0
6515.548155,8086.51297,0
6518.451845,8086.51297,0
6518.902229,8086.51297,0
6539.735781,8134.633105,0
6542.264219,15616.2,0
6552,8134.633105,0
6561.453183,8134.633105,0
6565,8134.633105,0
6609.883723,8134.633105,0
6616.116277,8134.633105,0
6755.35552,8134.633105,0
6758.64448,8134.633105,0
6803.26214,8134.633105,0
6806.73786,8134.633105,0
6898.485383,8134.633105,0
6903.514617,8134.633105,0
7184.147115,8134.633105,0
7193.852885,8134.633105,0
7283.069808,8134.633105,0
7283.545531,8134.633105,0
7283.719498,8517.336019,0
7286.280502,16620.8,0
7286.454469,16620.8,0
7286.930192,16620.8,0
7296,8517.336019,0
7472.984723,8517.336019,0
7481.015277,8517.336019,0
7811.67056,8517.336019,0
7814.32944,8517.336019,0
7857.13068,8517.336019,0
7858.737494,8517.336019,0
7863.262506,8517.336019,0
7864.86932,8517.336019,0
7953.589936,8517.336019,0
7960.410064,8517.336019,0
8003.075989,8517.336019,0
8003.539376,8517.336019,0
8003.717538,9127.017883,0
8006.282462,17888.5,0
8006.460624,17888.5,0
8006.924011,17888.5,0
8016,9127.017883,0
8193.467882,9127.017883,0
8195.787632,9127.017883,0
8198.212368,9127.017883,0
8200.532118,9127.017883,0
8598.832182,9127.017883,0
8600.080312,9127.017883,0
8601.729466,9127.017883,0
8608.270534,9127.017883,0
8609.919688,9127.017883,0
8611.167818,9127.017883,0
8699.070254,9127.017883,0
8699.552166,9127.017883,0
8702.447834,9127.017883,0
8702.929746,9127.017883,0
8747.720156,9804.154968,0
8750.279844,19149.4,0
8760,9804.154968,0
9504,10405.29328,0
10176,10689.14717,0
10920,10642.57769,0
11640,10269.02361,0
12384,9660.038575,0
13104,8981.057778,0
13848,8415.083871,0
14592,8111.470968,0
15312,8160.90625,0
16056,8545.229839,0
16776,9158.229722,0
17520,9836.30672,0
18264,10405.29328,0
18936,10689.14717,0
19680,10642.57769,0
20400,10269.02361,0
21144,9660.038575,0
21864,8981.057778,0
22608,8415.083871,0
23352,8111.470968,0
24072,8160.90625,0
24816,8545.229839,0
25536,9158.229722,0
26280,9836.30672,0
27024,10405.29328,0
27696,10689.14717,0
28440,10642.57769,0
29160,10269.02361,0
29904,9660.038575,0
30624,8981.057778,0
31368,8415.083871,0
32112,8111.470968,0
32832,8160.90625,0
33576,8545.229839,0
34296,9158.229722,0
35040,9836.30672,0
35784,10405.29328,0
36456,10689.14717,0
37200,10642.57769,0
37920,10269.02361,0
38664,9660.038575,0
39384,8981.057778,0
40128,8415.083871,0
40872,8111.470968,0
41592,8160.90625,0
42336,8545.229839,0
43056,9158.229722,0
43800,9836.30672,0
44544,10405.29328,0
45216,10689.14717,0
45960,10642.57769,0
46680,10269.02361,0
47424,9660.038575,0
48144,8981.057778,0
48888,8415.083871,0
49632,8111.470968,0
50352,8160.90625,0
51096,8545.229839,0
51816,9158.229722,0
52560,9836.30672,0
53304,10405.29328,0
53976,10689.14717,0
54720,10642.57769,0
55440,10269.02361,0
56184,9660.038575,0
56904,8981.057778,0
57648,8415.083871,0
58392,8111.470968,0
59112,8160.90625,0
59856,8545.229839,0
60576,9158.229722,0
61320,9836.30672,0
62064,10405.29328,0
62736,10689.14717,0
63480,10642.57769,0
64200,10269.02361,0
64944,9660.038575,0
65664,8981.057778,0
66408,8415.083871,0
67152,8111.470968,0
67872,8160.90625,0
68616,8545.229839,0
69336,9158.229722,0
70080,9836.30672,0
70824,10405.29328,0
71496,10689.14717,0
72240,10642.57769,0
72960,10269.02361,0
73704,9660.038575,0
74424,8981.057778,0
75168,8415.083871,0
75912,8111.470968,0
76632,8160.90625,0
77376,8545.229839,0
78096,9158.229722,0
78840,9836.30672,0
79584,10405.29328,0
80256,10689.14717,0
81000,10642.57769,0
81720,10269.02361,0
82464,9660.038575,0
83184,8981.057778,0
83928,8415.083871,0
84672,8111.470968,0
85392,8160.90625,0
86136,8545.229839,0
86856,9158.229722,0
87600,9836.30672,0
88344,10405.29328,0
89016,10689.14717,0
89760,10642.57769,0
90480,10269.02361,0
91224,9660.038575,0
91944,8981.057778,0
92688,8415.083871,0
93432,8111.470968,0
94152,8160.90625,0
94896,8545.229839,0
95616,9158.229722,0
96360,9836.30672,0
97104,10405.29328,0
97776,10689.14717,0
98520,10642.57769,0
99240,10269.02361,0
99984,9660.038575,0
100704,8981.057778,0
101448,8415.083871,0
102192,8111.470968,0
102912,8160.90625,0
103656,8545.229839,0
104376,9158.229722,0
105120,9836.30672,0
105864,10405.29328,0
106536,10689.14717,0
107280,10642.57769,0
108000,10269.02361,0
108744,9660.038575,0
109464,8981.057778,0
110208,8415.083871,0
110952,8111.470968,0
111672,8160.90625,0
112416,8545.229839,0
113136,9158.229722,0
113880,9836.30672,0
114624,10405.29328,0
115296,10689.14717,0
116040,10642.57769,0
116760,10269.02361,0
117504,9660.038575,0
118224,8981.057778,0
118968,8415.083871,0
119712,8111.470968,0
120432,8160.90625,0
121176,8545.229839,0
121896,9158.229722,0
122640,9836.30672,0
123384,10405.29328,0
124056,10689.14717,0
124800,10642.57769,0
125520,10269.02361,0
126264,9660.038575,0
126984,8981.057778,0
127728,8415.083871,0
128472,8111.470968,0
129192,8160.90625,0
129936,8545.229839,0
130656,9158.229722,0
131400,9836.30672,0
132144,10405.29328,0
132816,10689.14717,0
133560,10642.57769,0
134280,10269.02361,0
135024,9660.038575,0
135744,8981.057778,0
136488,8415.083871,0
137232,8111.470968,0
137952,8160.90625,0
138696,8545.229839,0
139416,9158.229722,0
140160,9836.30672,0
140904,10405.29328,0
141576,10689.14717,0
142320,10642.57769,0
143040,10269.02361,0
143784,9660.038575,0
144504,8981.057778,0
145248,8415.083871,0
145992,8111.470968,0
146712,8160.90625,0
147456,8545.229839,0
148176,9158.229722,0
148920,9836.30672,0
149664,10405.29328,0
150336,10689.14717,0
151080,10642.57769,0
151800,10269.02361,0
152544,9660.038575,0
153264,8981.057778,0
154008,8415.083871,0
154752,8111.470968,0
155472,8160.90625,0
156216,8545.229839,0
156936,9158.229722,0
157680,9836.30672,0
158424,10405.29328,0
159096,10689.14717,0
159840,10642.57769,0
160560,10269.02361,0
161304,9660.038575,0
162024,8981.057778,0
162768,8415.083871,0
163512,8111.470968,0
164232,8160.90625,0
164976,8545.229839,0
165696,9158.229722,0
166440,9836.30672,0
166456.5184,9836.30672,0
166639.6947,9836.30672,0
166639.8826,9836.30672,0
166650.1174,9836.30672,0
166650.3053,9836.30672,0
166905.9314,9836.30672,0
166907.7597,9836.30672,0
166910.2403,9836.30672,0
166912.0686,9836.30672,0
167171.0952,9836.30672,0
167171.5555,9836.30672,0
167171.7315,10372.40708,0
167174.2685,20016.3,0
167174.4445,20016.3,0
167174.9048,20016.3,0
167184,10372.40708,0
167312.5141,10372.40708,0
167313.7798,10372.40708,0
167320.2202,10372.40708,0
167321.4859,10372.40708,0
167409.9978,10372.40708,0
167411.0125,10372.40708,0
167412.3244,10372.40708,0
167413.6756,10372.40708,0
167414.9875,10372.40708,0
167416.0022,10372.40708,0
167554.1533,10372.40708,0
167559.8467,10372.40708,0
167723.1228,10372.40708,0
167726.8772,10372.40708,0
167771.7468,10653.34066,0
167774.2532,20253.8,0
167819.7859,20253.8,0
167822.2141,20253.8,0
167856,10653.34066,0
167871.5159,20249,0
167871.8315,20249,0
167872.716,20249,0
167985.2114,20249,0
167992.7886,20249,0
168297.0334,20249,0
168304.9666,20249,0
168394.277,20249,0
168399.723,20249,0
168585.756,20249,0
168587.4916,20249,0
168587.7292,20249,0
168590.2708,20249,0
168590.5084,20249,0
168592.244,20249,0
168600,10609.98257,0
168615.5545,19818.1,0
168659.368,19818.1,0
168659.7653,19818.1,0
168662.2347,19818.1,0
168662.632,19818.1,0
168825.9458,19818.1,0
168826.2624,19818.1,0
168831.7376,19818.1,0
168832.0542,19818.1,0
168873.4485,19818.1,0
168880.5515,19818.1,0
169257.9104,19818.1,0
169259.4042,19818.1,0
169259.5122,19818.1,0
169262.4878,19818.1,0
169262.5958,19818.1,0
169264.0896,19818.1,0
169320,10235.02394,0
169335.4691,10235.02394,0
169335.5791,18844.4,0
169336.2803,18844.4,0
169336.6866,18844.4,0
169337.1817,18844.4,0
169737.9346,18844.4,0
169738.5527,18844.4,0
169738.644,18844.4,0
169743.356,18844.4,0
169743.4473,18844.4,0
169744.0654,18844.4,0
170023.8559,18844.4,0
170034.1441,18844.4,0
170064,9628.089585,0
170079.582,17535.2,0
170079.8698,17535.2,0
170080.8405,17535.2,0
170122.747,17535.2,0
170127.253,17535.2,0
170147.1649,17535.2,0
170150.8351,17535.2,0
170171.1668,17535.2,0
170174.8332,17535.2,0
170650.7385,17535.2,0
170655.2615,17535.2,0
170721.78,17535.2,0
170728.22,17535.2,0
170746.0788,17535.2,0
170751.9212,17535.2,0
170784,8950.271776,0
170799.5666,16314.4,0
170819.1966,16314.4,0
170819.2054,16314.4,0
170822.7946,16314.4,0
170822.8034,16314.4,0
170843.349,16314.4,0
170843.7619,16314.4,0
170846.2381,16314.4,0
170846.651,16314.4,0
171176.7562,16314.4,0
171185.2438,16314.4,0
171202.531,16314.4,0
171207.469,16314.4,0
171225.5926,16314.4,0
171232.4074,16314.4,0
171492.4941,16314.4,0
171493.5059,16314.4,0
171528,8387.739204,0
171543.5245,15441.9,0
171543.8537,15441.9,0
171544.74,15441.9,0
171828.2795,15441.9,0
171829.7205,15441.9,0
171972.1171,15441.9,0
171972.3775,15441.9,0
171973.6225,15441.9,0
171973.8829,15441.9,0
172113.8518,15441.9,0
172114.406,15441.9,0
172114.4558,15441.9,0
172119.5442,15441.9,0
172119.594,15441.9,0
172120.1482,15441.9,0
172272,8086.51297,0
172377.0001,8086.51297,0
172384.9999,8086.51297,0
172403.4545,8086.51297,0
172403.6801,8086.51297,0
172406.3199,8086.51297,0
172406.5455,8086.51297,0
172449.6115,8086.51297,0
172451.0735,8086.51297,0
172454.9265,8086.51297,0
172456.3885,8086.51297,0
172667.4888,8086.51297,0
172670.5112,8086.51297,0
172955.0978,8086.51297,0
172955.5482,8086.51297,0
172958.4518,8086.51297,0
172958.9022,8086.51297,0
172979.7358,8134.633105,0
172982.2642,15616.2,0
172992,8134.633105,0
173001.4532,8134.633105,0
173005,8134.633105,0
173049.8837,8134.633105,0
173056.1163,8134.633105,0
173195.3555,8134.633105,0
173198.6445,8134.633105,0
173243.2621,8134.633105,0
173246.7379,8134.633105,0
173338.4854,8134.633105,0
173343.5146,8134.633105,0
173624.1471,8134.633105,0
173633.8529,8134.633105,0
173723.0698,8134.633105,0
173723.5455,8134.633105,0
173723.7195,8517.336019,0
173726.2805,16620.8,0
173726.4545,16620.8,0
173726.9302,16620.8,0
173736,8517.336019,0
173912.9847,8517.336019,0
173921.0153,8517.336019,0
174251.6706,8517.336019,0
174254.3294,8517.336019,0
174297.1307,8517.336019,0
174298.7375,8517.336019,0
174303.2625,8517.336019,0
174304.8693,8517.336019,0
174393.5899,8517.336019,0
174400.4101,8517.336019,0
174443.076,8517.336019,0
174443.5394,8517.336019,0
174443.7175,9127.017883,0
174446.2825,17888.5,0
174446.4606,17888.5,0
174446.924,17888.5,0
174456,9127.017883,0
174633.4679,9127.017883,0
174635.7876,9127.017883,0
174638.2124,9127.017883,0
174640.5321,9127.017883,0
175038.8322,9127.017883,0
175040.0803,9127.017883,0
175041.7295,9127.017883,0
175048.2705,9127.017883,0
175049.9197,9127.017883,0
175051.1678,9127.017883,0
175139.0703,9127.017883,0
175139.5522,9127.017883,0
175142.4478,9127.017883,0
175142.9297,9127.017883,0
175187.7202,9804.154968,0
175190.2798,19149.4,0
175200,9804.154968,0
